id,name,tier,supplierCost,multiplier,mrp,displayMode,bulkNote
mb-diwali-001,"Maharaja Royal Votive Candle Set",premium,1200,1.2,1449,fixed,"Volume pricing available for 50+ units"
mb-diwali-002,"Wooden Whisper Candle & Diffuser Duo",premium,1399,1.2,1699,fixed,"Volume pricing available for 50+ units"
mb-diwali-003,"Grandeur Wooden Urli Candle",premium,1149,1.2,1399,starting-from,"Volume pricing available for 50+ units"
mb-diwali-004,"Luxe Noir Reed Diffuser, 500ml",premium,1599,1.2,1899,fixed,"Volume pricing available for 50+ units"
mb-diwali-005,"Candle Warmer Lamp with Aroma Candle",premium,1499,1.2,1799,fixed,"Volume pricing available for 50+ units"
mb-diwali-006,"Electric Candle Warmer with Aroma Candle",premium,1599,1.2,1899,fixed,"Volume pricing available for 50+ units"
mb-diwali-007,"Smart Plug-In Aroma Diffuser",premium,3500,1.2,4199,fixed,"Volume pricing available for 50+ units"
mb-diwali-008,"Lotus Urli Trio, Oudh",premium,999,1.2,1199,fixed,"Volume pricing available for 50+ units"
mb-diwali-009,"Fragrance Urli Candle Pair, Gift Pack",premium,999,1.2,1199,fixed,"Volume pricing available for 50+ units"
mb-diwali-010,"Sanskrit Serenity Candle Set",premium,900,1.2,1099,fixed,"Volume pricing available for 50+ units"
mb-diwali-011,"Golfer Figurine, Black & Gold",premium,999,1.2,1199,fixed,"Volume pricing available for 50+ units"
mb-diwali-012,"Saxophone Player Figurine, Black & Gold",premium,999,1.2,1199,fixed,"Volume pricing available for 50+ units"
mb-diwali-013,"Aromatherapy Flame Humidifier",premium,999,1.2,1199,fixed,"Volume pricing available for 50+ units"
mb-diwali-014,"Black & Gold Dust Pillar Candle Set",premium,749,1.2,899,fixed,"Volume pricing available for 50+ units"
mb-diwali-015,"Aromatherapy Combo Gift Pack",premium,749,1.2,899,fixed,"Volume pricing available for 50+ units"
mb-diwali-016,"Blue Horizon Reed Diffuser Set",premium,749,1.2,899,fixed,"Volume pricing available for 50+ units"
mb-diwali-017,"Amber Jar Candle Set of 4",mid,699,1.2,849,fixed,"Volume pricing available for 50+ units"
mb-diwali-018,"Phool Serenity Diwali Gift Set",mid,650,1.2,799,fixed,"Volume pricing available for 50+ units"
mb-diwali-019,"Urli Gift Set with Floating Candles",mid,600,1.2,699,fixed,"Volume pricing available for 50+ units"
mb-diwali-020,"Moroccan Tin Candle Set of 4",mid,599,1.2,699,fixed,"Volume pricing available for 50+ units"
mb-diwali-021,"Aromatherapy Gift Set, Diffuser & Potpourri",mid,599,1.2,699,fixed,"Volume pricing available - Aromatherapy Gift Set GS-15"
mb-diwali-022,"Hammered Golden Urli Bowl, 12 Inch",mid,599,1.2,699,fixed,"Volume pricing available for 50+ units"
mb-diwali-023,"Gold Pillar Candle Set of 3",mid,550,1.2,649,fixed,"Volume pricing available for 50+ units"
mb-diwali-024,"Elegante Reed Diffuser, 100ml",mid,549,1.2,649,fixed,"Volume pricing available for 50+ units"
mb-diwali-025,"Luxury Pillar Candle Set of 3",mid,499,1.2,599,starting-from,"Volume pricing available for 50+ units"
mb-diwali-026,"Single Lotus Urli Candle",mid,499,1.2,599,fixed,"Volume pricing available for 50+ units"
mb-diwali-027,"Amber Gold Candle Gift Set",mid,499,1.2,599,fixed,"Volume pricing available for 50+ units"
mb-diwali-028,"Velvet Addiction Candle, Single Malt",mid,499,1.2,599,fixed,"Volume pricing available for 50+ units"
mb-diwali-029,"Embrace Soy Candle, Oudh & Honey",mid,499,1.2,599,fixed,"Volume pricing available for 50+ units"
mb-diwali-030,"Frosted Fragrance Glass Candle Set of 4",mid,499,1.2,599,fixed,"Volume pricing available for 50+ units"
mb-diwali-031,"Reed Diffuser Gift Set with Potpourri",mid,499,1.2,599,fixed,"Volume pricing available for 50+ units"
mb-diwali-032,"Lavender Aroma Diffuser Gift Set",mid,499,1.2,599,fixed,"Volume pricing available for 50+ units"
mb-diwali-033,"Fragrance Votive Glass Candle Set of 12",mid,459,1.2,549,fixed,"Volume pricing available for 50+ units"
mb-diwali-034,"Elysian Reed Diffuser, Lavender & Oudh",mid,449,1.2,549,fixed,"Volume pricing available for 50+ units"
mb-diwali-035,"Fragrance Urli Candle, Oudh",mid,400,1.2,499,starting-from,"Volume pricing available for 50+ units"
mb-diwali-036,"Diwali Elegance Gift Set",mid,400,1.2,499,fixed,"Volume pricing available for 50+ units"
mb-diwali-037,"Royal Flush Playing Card Candle Set",budget,399,1.2,499,fixed,"Volume pricing available for 50+ units"
mb-diwali-038,"Floral Bloom Scented Candle",budget,399,1.2,499,fixed,"Volume pricing available for 50+ units"
mb-diwali-039,"Aromatherapy Gift Set, Mercury & Tealight",budget,360,1.2,449,fixed,"Volume pricing available for 50+ units"
mb-diwali-040,"Camphor Reed Diffuser, 100ml",budget,349,1.2,399,fixed,"Volume pricing available for 50+ units"
mb-diwali-041,"Scented Tomb-Lid Jar Candle",budget,349,1.2,399,fixed,"Volume pricing available for 50+ units"
mb-diwali-042,"Divine Pooja Diwali Gift Box",budget,299,1.2,349,fixed,"Volume pricing available for 50+ units"
mb-diwali-043,"Black Lid Jar Candle",budget,299,1.2,349,fixed,"Volume pricing available for 50+ units"
mb-diwali-044,"Playing Deck Pillar Candle Set",budget,299,1.2,349,fixed,"Volume pricing available for 50+ units"
mb-diwali-045,"Jharokha Wall Décor with LED Candles",budget,250,1.2,299,starting-from,"Volume pricing available - Jharokha Wall Decor with LED"
mb-diwali-046,"Shubh Labh Scented Candle Set",budget,199,1.2,249,fixed,"Volume pricing available for 50+ units"
mb-diwali-047,"Golden Mercury Votive Candle Set",budget,179,1.2,199,fixed,"Volume pricing available for 50+ units"
mb-diwali-048,"Floating Flower Candle Duo",budget,175,1.2,199,fixed,"Volume pricing available - Floating Flower Aromatic Duo"
mb-diwali-049,"Festive Ladoo Candle Set of 4",budget,169,1.2,199,fixed,"Volume pricing available - Festive Ladoo Candle Gift Set"
mb-diwali-050,"Festive Sutli Pataka Candle",budget,149,1.2,199,fixed,"Volume pricing available for 50+ units"
